<?xml version="1.0" encoding="UTF-8"?>
<PE_PROJECT_SETTINGS_DOCUMENTATION>
  <PE_product_version v="version 10.5 for Freescale Microcontrollers" />
  <PE_core_version v="Processor Expert Version 0521" />
  <CPU_Bean name="Cpu" type="MK64FN1M0LQ12">
    <Enabled v="N" />
    <Properties>
      <Component_name v="Cpu" />
      <CPU_type v="MK64FN1M0VLQ12" />
      <group name="Low power mode settings">
        <EmptySection_DummyValue />
      </group>
      <group name="Common settings">
        <Initialization_priority v="minimal priority" />
        <Watchdog_disable v="yes" />
        <Utilize_after_reset_values v="default" />
      </group>
    </Properties>
    <Methods>
      <EmptySection_DummyValue />
    </Methods>
    <Events>
      <Event_module_name v="Events" />
    </Events>
    <Compiler v="GNU C Compiler" />
    <CompilerProperties>
      <Compiler v="GNU C Compiler" />
      <enumgroup name="Unhandled vectors" v="One handler for all">
        <EmptySection_DummyValue />
      </enumgroup>
      <boolgroup name="Generate debugger files" v="yes">
        <Generate_mem_file v="yes" />
      </boolgroup>
      <group name="Startup">
        <Add_startup_file v="yes" />
      </group>
      <boolgroup name="Generate linker file" v="yes">
        <Stack_size v="1024" />
        <Heap_size v="0" />
        <Set_memory_segments_to_default v="Click to set default &amp;gt;" />
        <Default_memory_for_interrupts v="INTERNAL RAM" />
        <Default_memory_for_code v="INTERNAL RAM" />
        <Default_memory_for_data v="INTERNAL RAM" />
        <list name="ROM/RAM Areas" v="5">
          <group name="MemoryArea0">
            <boolgroup name="ROM/RAM Area" v="Enabled">
              <Name v="m_interrupts" />
              <Qualifier v="RX" />
              <Address v="0" />
              <Size v="408" />
            </boolgroup>
          </group>
          <group name="MemoryArea1">
            <boolgroup name="ROM/RAM Area" v="Disabled" />
          </group>
          <group name="MemoryArea2">
            <boolgroup name="ROM/RAM Area" v="Enabled">
              <Name v="m_text" />
              <Qualifier v="RX" />
              <Address v="1040" />
              <Size v="1047536" />
            </boolgroup>
          </group>
          <group name="MemoryArea3">
            <boolgroup name="ROM/RAM Area" v="Enabled">
              <Name v="m_data_1FFF0000" />
              <Qualifier v="RW" />
              <Address v="536805376" />
              <Size v="65536" />
            </boolgroup>
          </group>
          <group name="MemoryArea4">
            <boolgroup name="ROM/RAM Area" v="Enabled">
              <Name v="m_data" />
              <Qualifier v="RW" />
              <Address v="536870912" />
              <Size v="196608" />
            </boolgroup>
          </group>
        </list>
      </boolgroup>
    </CompilerProperties>
  </CPU_Bean>
  <CPU_Bean name="Cpu" type="MK64FN1M0LQ12">
    <Enabled v="Y" />
    <Properties>
      <Component_name v="Cpu" />
      <CPU_type v="MK64FN1M0VLQ12" />
      <group name="Low power mode settings">
        <EmptySection_DummyValue />
      </group>
      <group name="Common settings">
        <Initialization_priority v="minimal priority" />
        <Watchdog_disable v="yes" />
        <Utilize_after_reset_values v="default" />
      </group>
    </Properties>
    <Methods>
      <EmptySection_DummyValue />
    </Methods>
    <Events>
      <Event_module_name v="Events" />
    </Events>
    <Compiler v="GNU C Compiler" />
    <CompilerProperties>
      <Compiler v="GNU C Compiler" />
      <enumgroup name="Unhandled vectors" v="One handler for all">
        <EmptySection_DummyValue />
      </enumgroup>
      <boolgroup name="Generate debugger files" v="no" />
      <group name="Startup">
        <Add_startup_file v="yes" />
      </group>
      <boolgroup name="Generate linker file" v="yes">
        <Stack_size v="1024" />
        <Heap_size v="0" />
        <Set_memory_segments_to_default v="Click to set default &amp;gt;" />
        <Default_memory_for_interrupts v="INTERNAL FLASH" />
        <Default_memory_for_code v="INTERNAL FLASH" />
        <Default_memory_for_data v="INTERNAL RAM" />
        <list name="ROM/RAM Areas" v="5">
          <group name="MemoryArea0">
            <boolgroup name="ROM/RAM Area" v="Enabled">
              <Name v="m_interrupts" />
              <Qualifier v="RX" />
              <Address v="0" />
              <Size v="408" />
            </boolgroup>
          </group>
          <group name="MemoryArea1">
            <boolgroup name="ROM/RAM Area" v="Disabled" />
          </group>
          <group name="MemoryArea2">
            <boolgroup name="ROM/RAM Area" v="Enabled">
              <Name v="m_text" />
              <Qualifier v="RX" />
              <Address v="1040" />
              <Size v="1047536" />
            </boolgroup>
          </group>
          <group name="MemoryArea3">
            <boolgroup name="ROM/RAM Area" v="Enabled">
              <Name v="m_data_1FFF0000" />
              <Qualifier v="RW" />
              <Address v="536805376" />
              <Size v="65536" />
            </boolgroup>
          </group>
          <group name="MemoryArea4">
            <boolgroup name="ROM/RAM Area" v="Enabled">
              <Name v="m_data" />
              <Qualifier v="RW" />
              <Address v="536870912" />
              <Size v="196608" />
            </boolgroup>
          </group>
        </list>
      </boolgroup>
    </CompilerProperties>
  </CPU_Bean>
  <Bean name="Pins1" type="PinSettings">
    <Enabled v="Y" />
    <Properties>
      <Component_name v="Pins1" />
      <PinSettings_IP_Block v="PinSettings" />
      <Processor v="MK64FN1M0LQ12" />
    </Properties>
    <Methods>
      <EmptySection_DummyValue />
    </Methods>
    <Events>
      <EmptySection_DummyValue />
    </Events>
  </Bean>
  <Bean name="AS1" type="AsynchroSerial">
    <Enabled v="Y" />
    <Properties>
      <Component_name v="AS1" />
      <Channel v="UART0" />
      <boolgroup name="Interrupt service/event" v="Enabled">
        <Interrupt_RxD v="INT_UART0_RX_TX" />
        <Interrupt_RxD_priority v="medium priority" />
        <Interrupt_TxD v="INT_UART0_RX_TX" />
        <Interrupt_TxD_priority v="medium priority" />
        <Interrupt_Error v="INT_UART0_ERR" />
        <Interrupt_Error_priority v="medium priority" />
        <Input_buffer_size v="16" />
        <Output_buffer_size v="16" />
        <group name="Handshake">
          <boolgroup name="CTS" v="Disabled" />
          <boolgroup name="RTS" v="Disabled" />
        </group>
      </boolgroup>
      <group name="Settings">
        <Parity v="none" />
        <Width v="8 bits" />
        <Stop_bit v="1" />
        <boolgroup name="Receiver" v="Enabled">
          <RxD v="PTB16/SPI1_SOUT/UART0_RX/FTM_CLKIN0/FB_AD17/EWM_IN" />
        </boolgroup>
        <boolgroup name="Transmitter" v="Enabled">
          <TxD v="PTB17/SPI1_SIN/UART0_TX/FTM_CLKIN1/FB_AD16/EWM_OUT_b" />
        </boolgroup>
        <Baud_rate v="9600 baud" />
        <Break_signal v="Disabled" />
        <Wakeup_condition v="Idle line wakeup" />
        <Transmitter_output v="Not inverted" />
        <Receiver_input v="Not inverted" />
        <Stop_in_wait_mode v="no" />
        <Idle_line_mode v="starts after start bit" />
        <Break_generation_length v="Short" />
      </group>
      <group name="Initialization">
        <Enabled_in_init__code v="yes" />
        <Events_enabled_in_init_ v="yes" />
      </group>
      <group name="CPU clock/speed selection">
        <High_speed_mode v="This component enabled" />
        <Low_speed_mode v="This component disabled" />
        <Slow_speed_mode v="This component disabled" />
      </group>
      <group name="Referenced components">
        <inhrbean type="Serial_LDD">
          <Enabled v="Y" />
          <Properties>
            <Component_name v="ASerialLdd1" />
            <Device v="UART0" />
            <boolgroup name="Interrupt service/event" v="Enabled">
              <Interrupt_RxD v="INT_UART0_RX_TX" />
              <Interrupt_RxD_priority v="medium priority" />
              <Interrupt_TxD v="INT_UART0_RX_TX" />
              <Interrupt_TxD_priority v="medium priority" />
              <Interrupt_Error v="INT_UART0_ERR" />
              <Interrupt_Error_priority v="medium priority" />
            </boolgroup>
            <group name="Settings">
              <Data_width v="8 bits" />
              <Parity v="None" />
              <Stop_bits v="1" />
              <Loop_mode v="Normal" />
              <Baud_rate v="9600 baud" />
              <Wakeup_condition v="Idle line wakeup" />
              <Stop_in_wait_mode v="no" />
              <Idle_line_mode v="Starts after start bit" />
              <Transmitter_output v="Not inverted" />
              <Receiver_input v="Not inverted" />
              <Break_generation_length v="10/11 bits" />
              <boolgroup name="Receiver" v="Enabled">
                <RxD v="PTB16/SPI1_SOUT/UART0_RX/FTM_CLKIN0/FB_AD17/EWM_IN" />
              </boolgroup>
              <boolgroup name="Transmitter" v="Enabled">
                <TxD v="PTB17/SPI1_SIN/UART0_TX/FTM_CLKIN1/FB_AD16/EWM_OUT_b" />
              </boolgroup>
              <enumgroup name="Flow control" v="None">
                <EmptySection_DummyValue />
              </enumgroup>
            </group>
            <group name="Initialization">
              <Enabled_in_init__code v="yes" />
              <group name="Event mask">
                <OnBlockSent v="Enabled" />
                <OnBlockReceived v="Enabled" />
                <OnTxComplete v="Disabled" />
                <OnError v="Enabled" />
                <OnBreak v="Enabled" />
              </group>
            </group>
          </Properties>
          <Methods>
            <Init v="generate code" />
            <Deinit v="don&amp;apos;t generate code" />
            <Enable v="don&amp;apos;t generate code" />
            <Disable v="don&amp;apos;t generate code" />
            <SendBlock v="generate code" />
            <ReceiveBlock v="generate code" />
            <CancelBlockTransmission v="don&amp;apos;t generate code" />
            <CancelBlockReception v="don&amp;apos;t generate code" />
            <GetError v="generate code" />
            <GetSentDataNum v="don&amp;apos;t generate code" />
            <GetReceivedDataNum v="don&amp;apos;t generate code" />
            <GetTxCompleteStatus v="don&amp;apos;t generate code" />
            <SetEventMask v="don&amp;apos;t generate code" />
            <GetEventMask v="don&amp;apos;t generate code" />
            <SelectBaudRate v="don&amp;apos;t generate code" />
            <GetSelectedBaudRate v="don&amp;apos;t generate code" />
            <SetParity v="don&amp;apos;t generate code" />
            <GetParity v="don&amp;apos;t generate code" />
            <SetDataWidth v="don&amp;apos;t generate code" />
            <GetDataWidth v="don&amp;apos;t generate code" />
            <SetStopBitLength v="don&amp;apos;t generate code" />
            <GetStopBitLength v="don&amp;apos;t generate code" />
            <SetLoopMode v="don&amp;apos;t generate code" />
            <GetLoopMode v="don&amp;apos;t generate code" />
            <GetStats v="don&amp;apos;t generate code" />
            <ClearStats v="don&amp;apos;t generate code" />
            <SendBreak v="don&amp;apos;t generate code" />
            <GetBreak v="don&amp;apos;t generate code" />
            <TurnTxOn v="don&amp;apos;t generate code" />
            <TurnTxOff v="don&amp;apos;t generate code" />
            <TurnRxOn v="don&amp;apos;t generate code" />
            <TurnRxOff v="don&amp;apos;t generate code" />
            <ConnectPin v="don&amp;apos;t generate code" />
            <Main v="don&amp;apos;t generate code" />
            <SetOperationMode v="don&amp;apos;t generate code" />
            <GetDriverState v="don&amp;apos;t generate code" />
          </Methods>
          <Events>
            <Event_module_name v="Events" />
            <event name="OnBlockReceived" v="generate code">
              <Event_procedure_name v="ASerialLdd1_OnBlockReceived" />
            </event>
            <event name="OnBlockSent" v="generate code">
              <Event_procedure_name v="ASerialLdd1_OnBlockSent" />
            </event>
            <event name="OnBreak" v="generate code">
              <Event_procedure_name v="ASerialLdd1_OnBreak" />
            </event>
            <event name="OnError" v="generate code">
              <Event_procedure_name v="ASerialLdd1_OnError" />
            </event>
            <event name="OnTxComplete" v="don&amp;apos;t generate code" />
          </Events>
        </inhrbean>
      </group>
    </Properties>
    <Methods>
      <Enable v="don&amp;apos;t generate code" />
      <Disable v="don&amp;apos;t generate code" />
      <EnableEvent v="don&amp;apos;t generate code" />
      <DisableEvent v="don&amp;apos;t generate code" />
      <RecvChar v="generate code" />
      <SendChar v="generate code" />
      <RecvBlock v="generate code" />
      <SendBlock v="generate code" />
      <ClearRxBuf v="generate code" />
      <ClearTxBuf v="generate code" />
      <CharsInRxBuf v="don&amp;apos;t generate code" />
      <GetCharsInRxBuf v="generate code" />
      <CharsInTxBuf v="don&amp;apos;t generate code" />
      <GetCharsInTxBuf v="generate code" />
      <SetBaudRateMode v="don&amp;apos;t generate code" />
      <GetError v="don&amp;apos;t generate code" />
      <GetBreak v="don&amp;apos;t generate code" />
      <SetBreak v="don&amp;apos;t generate code" />
      <TurnTxOn v="don&amp;apos;t generate code" />
      <TurnTxOff v="don&amp;apos;t generate code" />
      <TurnRxOn v="don&amp;apos;t generate code" />
      <TurnRxOff v="don&amp;apos;t generate code" />
      <LoopMode v="don&amp;apos;t generate code" />
      <ConnectPin v="don&amp;apos;t generate code" />
    </Methods>
    <Events>
      <Event_module_name v="Events" />
      <event name="BeforeNewSpeed" v="don&amp;apos;t generate code" />
      <event name="AfterNewSpeed" v="don&amp;apos;t generate code" />
      <event name="OnError" v="generate code">
        <Event_procedure_name v="AS1_OnError" />
        <Priority v="same as interrupt" />
      </event>
      <event name="OnRxChar" v="generate code">
        <Event_procedure_name v="AS1_OnRxChar" />
        <Priority v="same as interrupt" />
      </event>
      <event name="OnRxCharExt" v="don&amp;apos;t generate code" />
      <event name="OnTxChar" v="generate code">
        <Event_procedure_name v="AS1_OnTxChar" />
        <Priority v="same as interrupt" />
      </event>
      <event name="OnFullRxBuf" v="generate code">
        <Event_procedure_name v="AS1_OnFullRxBuf" />
        <Priority v="same as interrupt" />
      </event>
      <event name="OnFreeTxBuf" v="generate code">
        <Event_procedure_name v="AS1_OnFreeTxBuf" />
        <Priority v="same as interrupt" />
      </event>
      <event name="OnBreak" v="don&amp;apos;t generate code" />
      <event name="OnTxComplete" v="don&amp;apos;t generate code" />
    </Events>
  </Bean>
</PE_PROJECT_SETTINGS_DOCUMENTATION>

