<?xml version="1.0" encoding="UTF-8"?>
<PE_PROJECT_SETTINGS_DOCUMENTATION>
  <PE_product_version v="version 10.5 for Freescale Microcontrollers" />
  <PE_core_version v="Processor Expert Version 0521" />
  <CPU_Bean name="Cpu" type="MK64FN1M0LQ12">
    <Enabled v="N" />
    <Properties>
      <Component_name v="Cpu" />
      <CPU_type v="MK64FN1M0VLQ12" />
      <group name="Low power mode settings">
        <EmptySection_DummyValue />
      </group>
      <group name="Common settings">
        <Initialization_priority v="minimal priority" />
        <Watchdog_disable v="yes" />
        <Utilize_after_reset_values v="default" />
      </group>
    </Properties>
    <Methods>
      <EmptySection_DummyValue />
    </Methods>
    <Events>
      <Event_module_name v="Events" />
    </Events>
    <Compiler v="GNU C Compiler" />
    <CompilerProperties>
      <Compiler v="GNU C Compiler" />
      <enumgroup name="Unhandled vectors" v="One handler for all">
        <EmptySection_DummyValue />
      </enumgroup>
      <boolgroup name="Generate debugger files" v="yes">
        <Generate_mem_file v="yes" />
      </boolgroup>
      <group name="Startup">
        <Add_startup_file v="yes" />
      </group>
      <boolgroup name="Generate linker file" v="yes">
        <Stack_size v="1024" />
        <Heap_size v="0" />
        <Set_memory_segments_to_default v="Click to set default &amp;gt;" />
        <Default_memory_for_interrupts v="INTERNAL RAM" />
        <Default_memory_for_code v="INTERNAL RAM" />
        <Default_memory_for_data v="INTERNAL RAM" />
        <list name="ROM/RAM Areas" v="5">
          <group name="MemoryArea0">
            <boolgroup name="ROM/RAM Area" v="Enabled">
              <Name v="m_interrupts" />
              <Qualifier v="RX" />
              <Address v="0" />
              <Size v="408" />
            </boolgroup>
          </group>
          <group name="MemoryArea1">
            <boolgroup name="ROM/RAM Area" v="Disabled" />
          </group>
          <group name="MemoryArea2">
            <boolgroup name="ROM/RAM Area" v="Enabled">
              <Name v="m_text" />
              <Qualifier v="RX" />
              <Address v="1040" />
              <Size v="1047536" />
            </boolgroup>
          </group>
          <group name="MemoryArea3">
            <boolgroup name="ROM/RAM Area" v="Enabled">
              <Name v="m_data_1FFF0000" />
              <Qualifier v="RW" />
              <Address v="536805376" />
              <Size v="65536" />
            </boolgroup>
          </group>
          <group name="MemoryArea4">
            <boolgroup name="ROM/RAM Area" v="Enabled">
              <Name v="m_data" />
              <Qualifier v="RW" />
              <Address v="536870912" />
              <Size v="196608" />
            </boolgroup>
          </group>
        </list>
      </boolgroup>
    </CompilerProperties>
  </CPU_Bean>
  <CPU_Bean name="Cpu" type="MK64FN1M0LQ12">
    <Enabled v="Y" />
    <Properties>
      <Component_name v="Cpu" />
      <CPU_type v="MK64FN1M0VLQ12" />
      <group name="Low power mode settings">
        <EmptySection_DummyValue />
      </group>
      <group name="Common settings">
        <Initialization_priority v="minimal priority" />
        <Watchdog_disable v="yes" />
        <Utilize_after_reset_values v="default" />
      </group>
    </Properties>
    <Methods>
      <EmptySection_DummyValue />
    </Methods>
    <Events>
      <Event_module_name v="Events" />
    </Events>
    <Compiler v="GNU C Compiler" />
    <CompilerProperties>
      <Compiler v="GNU C Compiler" />
      <enumgroup name="Unhandled vectors" v="One handler for all">
        <EmptySection_DummyValue />
      </enumgroup>
      <boolgroup name="Generate debugger files" v="no" />
      <group name="Startup">
        <Add_startup_file v="yes" />
      </group>
      <boolgroup name="Generate linker file" v="yes">
        <Stack_size v="1024" />
        <Heap_size v="0" />
        <Set_memory_segments_to_default v="Click to set default &amp;gt;" />
        <Default_memory_for_interrupts v="INTERNAL FLASH" />
        <Default_memory_for_code v="INTERNAL FLASH" />
        <Default_memory_for_data v="INTERNAL RAM" />
        <list name="ROM/RAM Areas" v="5">
          <group name="MemoryArea0">
            <boolgroup name="ROM/RAM Area" v="Enabled">
              <Name v="m_interrupts" />
              <Qualifier v="RX" />
              <Address v="0" />
              <Size v="408" />
            </boolgroup>
          </group>
          <group name="MemoryArea1">
            <boolgroup name="ROM/RAM Area" v="Disabled" />
          </group>
          <group name="MemoryArea2">
            <boolgroup name="ROM/RAM Area" v="Enabled">
              <Name v="m_text" />
              <Qualifier v="RX" />
              <Address v="1040" />
              <Size v="1047536" />
            </boolgroup>
          </group>
          <group name="MemoryArea3">
            <boolgroup name="ROM/RAM Area" v="Enabled">
              <Name v="m_data_1FFF0000" />
              <Qualifier v="RW" />
              <Address v="536805376" />
              <Size v="65536" />
            </boolgroup>
          </group>
          <group name="MemoryArea4">
            <boolgroup name="ROM/RAM Area" v="Enabled">
              <Name v="m_data" />
              <Qualifier v="RW" />
              <Address v="536870912" />
              <Size v="196608" />
            </boolgroup>
          </group>
        </list>
      </boolgroup>
    </CompilerProperties>
  </CPU_Bean>
  <Bean name="Pins1" type="PinSettings">
    <Enabled v="Y" />
    <Properties>
      <Component_name v="Pins1" />
      <PinSettings_IP_Block v="PinSettings" />
      <Processor v="MK64FN1M0LQ12" />
    </Properties>
    <Methods>
      <EmptySection_DummyValue />
    </Methods>
    <Events>
      <EmptySection_DummyValue />
    </Events>
  </Bean>
</PE_PROJECT_SETTINGS_DOCUMENTATION>

